scale_ratio_lambda_cA_over_cI,assisted_raw_contrast_DA,independent_raw_contrast_DI,composition_threshold_w_star
0.25,0.7820895522388058,-0.7365097588978182,0.7902192658290219
0.2529048600754806,0.7820895522388058,-0.7365097588978182,0.7882977626650401
0.25584347299919374,0.7820895522388058,-0.7365097588978182,0.7863634175624881
0.2588162309603444,0.7820895522388058,-0.7365097588978182,0.7844162317223717
0.2618235307051567,0.7820895522388058,-0.7365097588978182,0.7824562080867272
0.26486577358982377,0.7820895522388058,-0.7365097588978182,0.7804833513610698
0.26794336563407334,0.7820895522388058,-0.7365097588978182,0.7784976680365804
0.2710567175753546,0.7820895522388058,-0.7365097588978182,0.7764991664120151
0.2742062449236565,0.7820895522388058,-0.7365097588978182,0.7744878566153187
0.2773923680169612,0.7820895522388058,-0.7365097588978182,0.7724637506249287
0.28061551207734325,0.7820895522388058,-0.7365097588978182,0.7704268622907542
0.28387610726771934,0.7820895522388058,-0.7365097588978182,0.76837720735481
0.2871745887492587,0.7820895522388058,-0.7365097588978182,0.7663148034714946
0.29051139673945986,0.7820895522388058,-0.7365097588978182,0.7642396702274907
0.2938869765709022,0.7820895522388058,-0.7365097588978182,0.7621518291612759
0.29730177875068026,0.7820895522388058,-0.7365097588978182,0.7600513037822242
0.30075625902052916,0.7820895522388058,-0.7365097588978182,0.7579381195892834
0.3042508784176477,0.7820895522388058,-0.7365097588978182,0.7558123040892105
0.3077861033362291,0.7820895522388058,-0.7365097588978182,0.7536738868143497
0.31136240558970574,0.7820895522388058,-0.7365097588978182,0.7515228993399355
0.31498026247371824,0.7820895522388058,-0.7365097588978182,0.749359375300905
0.31864015682981556,0.7820895522388058,-0.7365097588978182,0.7471833504082009
0.3223425771098948,0.7820895522388058,-0.7365097588978182,0.7449948624645516
0.32608801744139104,0.7820895522388058,-0.7365097588978182,0.742793951379709
0.32987697769322355,0.7820895522388058,-0.7365097588978182,0.7405806591851297
0.3337099635425086,0.7820895522388058,-0.7365097588978182,0.7383550300480808
0.3375874865420475,0.7820895522388058,-0.7365097588978182,0.7361171102851568
0.34151006418859886,0.7820895522388058,-0.7365097588978182,0.7338669483751893
0.345478219991944,0.7820895522388058,-0.7365097588978182,0.7316045949715334
0.3494924835447549,0.7820895522388058,-0.7365097588978182,0.7293301029137167
0.3535533905932738,0.7820895522388058,-0.7365097588978182,0.7270435272384334
0.35766148310881457,0.7820895522388058,-0.7365097588978182,0.7247449251898681
0.3618173093600945,0.7820895522388058,-0.7365097588978182,0.7224343562293352
0.36602142398640636,0.7820895522388058,-0.7365097588978182,0.7201118820442156
0.3702743880716411,0.7820895522388058,-0.7365097588978182,0.7177775665561807
0.3745767692191704,0.7820895522388058,-0.7365097588978182,0.715431475928685
0.3789291416275995,0.7820895522388058,-0.7365097588978182,0.7130736785737121
0.3833320861674001,0.7820895522388058,-0.7365097588978182,0.7107042451577652
0.38778619045843365,0.7820895522388058,-0.7365097588978182,0.7083232486070824
0.3922920489483753,0.7820895522388058,-0.7365097588978182,0.7059307641120667
0.39685026299204984,0.7820895522388058,-0.7365097588978182,0.7035268691309169
0.40146144093168823,0.7820895522388058,-0.7365097588978182,0.7011116433924449
0.4061261981781178,0.7820895522388058,-0.7365097588978182,0.6986851688980702
0.4108451572928951,0.7820895522388058,-0.7365097588978182,0.6962475299229752
0.4156189480713938,0.7820895522388058,-0.7365097588978182,0.6937988130164142
0.42044820762685725,0.7820895522388058,-0.7365097588978182,0.6913391070011616
0.42533358047542785,0.7820895522388058,-0.7365097588978182,0.6888685029720896
0.430275718622165,0.7820895522388058,-0.7365097588978182,0.6863870942938649
0.43527528164806206,0.7820895522388058,-0.7365097588978182,0.6838949765977554
0.4403329367980742,0.7820895522388058,-0.7365097588978182,0.6813922477775363
0.44544935907016964,0.7820895522388058,-0.7365097588978182,0.6788790079844871
0.4506252313054151,0.7820895522388058,-0.7365097588978182,0.6763553596214723
0.4558612442791084,0.7820895522388058,-0.7365097588978182,0.673821407336096
0.4611580967929696,0.7820895522388058,-0.7365097588978182,0.671277258012925
0.4665164957684037,0.7820895522388058,-0.7365097588978182,0.6687230207647734
0.4719371563408467,0.7820895522388058,-0.7365097588978182,0.666158806923041
0.47742080195520825,0.7820895522388058,-0.7365097588978182,0.663584730027103
0.48296816446242274,0.7820895522388058,-0.7365097588978182,0.6610009058127444
0.48857998421712295,0.7820895522388058,-0.7365097588978182,0.658407452199633
0.494257010176448,0.7820895522388058,-0.7365097588978182,0.6558044892778333
0.5,0.7820895522388058,-0.7365097588978182,0.653192139293351
0.5058097201509612,0.7820895522388058,-0.7365097588978182,0.650570526632712
0.5116869459983875,0.7820895522388058,-0.7365097588978182,0.6479397778065713
0.5176324619206887,0.7820895522388058,-0.7365097588978182,0.6453000214323512
0.5236470614103134,0.7820895522388058,-0.7365097588978182,0.6426513882159096
0.5297315471796477,0.7820895522388058,-0.7365097588978182,0.639994010932238
0.5358867312681466,0.7820895522388058,-0.7365097588978182,0.6373280244051914
0.5421134351507092,0.7820895522388058,-0.7365097588978182,0.6346535654862512
0.548412489847313,0.7820895522388058,-0.7365097588978182,0.6319707730323251
0.5547847360339225,0.7820895522388058,-0.7365097588978182,0.6292797878825849
0.5612310241546865,0.7820895522388058,-0.7365097588978182,0.6265807528343508
0.5677522145354387,0.7820895522388058,-0.7365097588978182,0.6238738126180218
0.5743491774985174,0.7820895522388058,-0.7365097588978182,0.6211591138710629
0.5810227934789198,0.7820895522388058,-0.7365097588978182,0.6184368051110519
0.5877739531418044,0.7820895522388058,-0.7365097588978182,0.6157070367077955
0.5946035575013605,0.7820895522388058,-0.7365097588978182,0.6129699608545208
0.6015125180410583,0.7820895522388058,-0.7365097588978182,0.610225731538153
0.6085017568352955,0.7820895522388058,-0.7365097588978182,0.6074745045086859
0.6155722066724582,0.7820895522388058,-0.7365097588978182,0.6047164372476594
0.6227248111794115,0.7820895522388058,-0.7365097588978182,0.6019516889357511
0.6299605249474366,0.7820895522388058,-0.7365097588978182,0.5991804204194962
0.6372803136596311,0.7820895522388058,-0.7365097588978182,0.5964027941771473
0.6446851542197896,0.7820895522388058,-0.7365097588978182,0.593618974283688
0.6521760348827821,0.7820895522388058,-0.7365097588978182,0.5908291263750134
0.6597539553864471,0.7820895522388058,-0.7365097588978182,0.5880334176112928
0.6674199270850172,0.7820895522388058,-0.7365097588978182,0.58523201663953
0.6751749730840949,0.7820895522388058,-0.7365097588978182,0.5824250935553368
0.6830201283771977,0.7820895522388058,-0.7365097588978182,0.5796128198639379
0.690956439983888,0.7820895522388058,-0.7365097588978182,0.5767953684404225
0.6989849670895097,0.7820895522388058,-0.7365097588978182,0.5739729134892635
0.7071067811865475,0.7820895522388058,-0.7365097588978182,0.5711456305031206
0.7153229662176291,0.7820895522388058,-0.7365097588978182,0.5683136962209485
0.723634618720189,0.7820895522388058,-0.7365097588978182,0.5654772885854301
0.7320428479728127,0.7820895522388058,-0.7365097588978182,0.5626365866997546
0.7405487761432821,0.7820895522388058,-0.7365097588978182,0.5597917707837626
0.7491535384383408,0.7820895522388058,-0.7365097588978182,0.5569430221294809
0.7578582832551991,0.7820895522388058,-0.7365097588978182,0.5540905230560671
0.7666641723348002,0.7820895522388058,-0.7365097588978182,0.55123445686419
0.7755723809168673,0.7820895522388058,-0.7365097588978182,0.5483750077898677
0.7845840978967508,0.7820895522388058,-0.7365097588978182,0.5455123609577877
0.7937005259840998,0.7820895522388058,-0.7365097588978182,0.542646702334133
0.8029228818633765,0.7820895522388058,-0.7365097588978182,0.5397782186789424
0.8122523963562355,0.7820895522388058,-0.7365097588978182,0.5369070974980253
0.8216903145857903,0.7820895522388058,-0.7365097588978182,0.5340335269944618
0.8312378961427878,0.7820895522388058,-0.7365097588978182,0.5311576960197119
0.8408964152537145,0.7820895522388058,-0.7365097588978182,0.5282797940243602
0.8506671609508556,0.7820895522388058,-0.7365097588978182,0.5254000110085263
0.8605514372443301,0.7820895522388058,-0.7365097588978182,0.5225185374719626
0.8705505632961241,0.7820895522388058,-0.7365097588978182,0.5196355643638744
0.8806658735961485,0.7820895522388058,-0.7365097588978182,0.5167512830324827
0.8908987181403392,0.7820895522388058,-0.7365097588978182,0.5138658851743653
0.9012504626108303,0.7820895522388058,-0.7365097588978182,0.5109795627835976
0.9117224885582168,0.7820895522388058,-0.7365097588978182,0.5080925081007274
0.9223161935859392,0.7820895522388058,-0.7365097588978182,0.5052049135616096
0.9330329915368073,0.7820895522388058,-0.7365097588978182,0.5023169717461291
0.9438743126816935,0.7820895522388058,-0.7365097588978182,0.4994288753268436
0.9548416039104166,0.7820895522388058,-0.7365097588978182,0.49654081701757335
0.9659363289248455,0.7820895522388058,-0.7365097588978182,0.49365298952196685
0.9771599684342458,0.7820895522388058,-0.7365097588978182,0.490765585482073
0.9885140203528962,0.7820895522388058,-0.7365097588978182,0.4878787974269483
1.0,0.7820895522388058,-0.7365097588978182,0.4849928177213275
1.0116194403019225,0.7820895522388058,-0.7365097588978182,0.4821078385143878
1.0233738919967748,0.7820895522388058,-0.7365097588978182,0.47922405168863524
1.0352649238413776,0.7820895522388058,-0.7365097588978182,0.47634164880894125
1.0472941228206267,0.7820895522388058,-0.7365097588978182,0.47346082107176035
1.059463094359295,0.7820895522388058,-0.7365097588978182,0.4705817592545546
1.071773462536293,0.7820895522388058,-0.7365097588978182,0.46770465366545505
1.0842268703014184,0.7820895522388058,-0.7365097588978182,0.4648296940931883
1.096824979694626,0.7820895522388058,-0.7365097588978182,0.46195706975729534
1.1095694720678448,0.7820895522388058,-0.7365097588978182,0.4590869692586697
1.122462048309373,0.7820895522388058,-0.7365097588978182,0.4562195805304441
1.1355044290708773,0.7820895522388058,-0.7365097588978182,0.45335509078925046
1.1486983549970349,0.7820895522388058,-0.7365097588978182,0.4504936864868813
1.1620455869578394,0.7820895522388058,-0.7365097588978182,0.4476355532623774
1.1755479062836087,0.7820895522388058,-0.7365097588978182,0.4447808758945692
1.189207115002721,0.7820895522388058,-0.7365097588978182,0.44192983825509585
1.2030250360821166,0.7820895522388058,-0.7365097588978182,0.43908262326192665
1.2170035136705908,0.7820895522388058,-0.7365097588978182,0.43623941283341133
1.2311444133449163,0.7820895522388058,-0.7365097588978182,0.43340038784287976
1.245449622358823,0.7820895522388058,-0.7365097588978182,0.43056572807381893
1.2599210498948732,0.7820895522388058,-0.7365097588978182,0.4277356121756448
1.274560627319262,0.7820895522388058,-0.7365097588978182,0.42491021762009623
1.2893703084395793,0.7820895522388058,-0.7365097588978182,0.42208972065826894
1.3043520697655642,0.7820895522388058,-0.7365097588978182,0.41927429627831414
1.3195079107728942,0.7820895522388058,-0.7365097588978182,0.416464118163818
1.3348398541700341,0.7820895522388058,-0.7365097588978182,0.4136593586528868
1.35034994616819,0.7820895522388058,-0.7365097588978182,0.41086018869795254
1.3660402567543954,0.7820895522388058,-0.7365097588978182,0.40806677782632156
1.381912879967776,0.7820895522388058,-0.7365097588978182,0.40527929410148
1.3979699341790193,0.7820895522388058,-0.7365097588978182,0.4024979040851775
1.4142135623730951,0.7820895522388058,-0.7365097588978182,0.39972277280030244
1.4306459324352583,0.7820895522388058,-0.7365097588978182,0.3969540636945668
1.447269237440378,0.7820895522388058,-0.7365097588978182,0.3941919386050139
1.4640856959456252,0.7820895522388058,-0.7365097588978182,0.3914365577233651
1.4810975522865644,0.7820895522388058,-0.7365097588978182,0.38868807956221846
1.4983070768766815,0.7820895522388058,-0.7365097588978182,0.38594666092211194
1.515716566510398,0.7820895522388058,-0.7365097588978182,0.3832124568594639
1.5333283446696004,0.7820895522388058,-0.7365097588978182,0.38048562065540253
1.5511447618337346,0.7820895522388058,-0.7365097588978182,0.37776630378549364
1.5691681957935015,0.7820895522388058,-0.7365097588978182,0.37505465589037956
1.5874010519681994,0.7820895522388058,-0.7365097588978182,0.37235082474733433
1.6058457637267531,0.7820895522388058,-0.7365097588978182,0.36965495624274747
1.6245047927124712,0.7820895522388058,-0.7365097588978182,0.366967194345542
1.6433806291715805,0.7820895522388058,-0.7365097588978182,0.36428768108153337
1.6624757922855753,0.7820895522388058,-0.7365097588978182,0.36161655650873736
1.6817928305074292,0.7820895522388058,-0.7365097588978182,0.3589539586936299
1.7013343219017114,0.7820895522388058,-0.7365097588978182,0.3563000236883659
1.72110287448866,0.7820895522388058,-0.7365097588978182,0.35365488550895924
1.741101126592248,0.7820895522388058,-0.7365097588978182,0.3510186761144274
1.7613317471922971,0.7820895522388058,-0.7365097588978182,0.3483915253869048
1.7817974362806785,0.7820895522388058,-0.7365097588978182,0.3457735611127237
1.8025009252216604,0.7820895522388058,-0.7365097588978182,0.34316490896446694
1.8234449771164334,0.7820895522388058,-0.7365097588978182,0.3405656924839893
1.8446323871718786,0.7820895522388058,-0.7365097588978182,0.3379760330664106
1.8660659830736148,0.7820895522388058,-0.7365097588978182,0.3353960499450767
1.8877486253633868,0.7820895522388058,-0.7365097588978182,0.33282586017748783
1.9096832078208328,0.7820895522388058,-0.7365097588978182,0.3302655786321918
1.9318726578496912,0.7820895522388058,-0.7365097588978182,0.327715317976638
1.9543199368684918,0.7820895522388058,-0.7365097588978182,0.32517518866599077
1.977028040705792,0.7820895522388058,-0.7365097588978182,0.32264529893289323
1.9999999999999998,0.7820895522388058,-0.7365097588978182,0.32012575477818245
2.023238880603845,0.7820895522388058,-0.7365097588978182,0.3176166599625448
2.04674778399355,0.7820895522388058,-0.7365097588978182,0.3151181159991087
2.0705298476827547,0.7820895522388058,-0.7365097588978182,0.3126302221469664
2.094588245641253,0.7820895522388058,-0.7365097588978182,0.310153075405618
2.1189261887185906,0.7820895522388058,-0.7365097588978182,0.3076867705103287
2.1435469250725863,0.7820895522388058,-0.7365097588978182,0.305231399928393
2.1684537406028364,0.7820895522388058,-0.7365097588978182,0.30278705385629345
2.193649959389252,0.7820895522388058,-0.7365097588978182,0.30035382021774776
2.21913894413569,0.7820895522388058,-0.7365097588978182,0.297931784662632
2.244924096618746,0.7820895522388058,-0.7365097588978182,0.2955210305667703
2.2710088581417547,0.7820895522388058,-0.7365097588978182,0.2931216390325798
2.29739670999407,0.7820895522388058,-0.7365097588978182,0.2907336888905598
2.3240911739156793,0.7820895522388058,-0.7365097588978182,0.2883572567016125
2.3510958125672174,0.7820895522388058,-0.7365097588978182,0.28599241676018433
2.378414230005442,0.7820895522388058,-0.7365097588978182,0.2836392410982138
2.4060500721642337,0.7820895522388058,-0.7365097588978182,0.281297799489874
2.434007027341182,0.7820895522388058,-0.7365097588978182,0.27896815945709613
2.4622888266898326,0.7820895522388058,-0.7365097588978182,0.27665038627585997
2.4908992447176455,0.7820895522388058,-0.7365097588978182,0.27434454298323796
2.5198420997897464,0.7820895522388058,-0.7365097588978182,0.2720506903851778
2.5491212546385245,0.7820895522388058,-0.7365097588978182,0.2697688870650104
2.5787406168791582,0.7820895522388058,-0.7365097588978182,0.26749918939266654
2.6087041395311283,0.7820895522388058,-0.7365097588978182,0.26524165153458823
2.639015821545788,0.7820895522388058,-0.7365097588978182,0.26299632546432034
2.6696797083400683,0.7820895522388058,-0.7365097588978182,0.26076326097376484
2.7006998923363805,0.7820895522388058,-0.7365097588978182,0.25854250568508375
2.7320805135087913,0.7820895522388058,-0.7365097588978182,0.25633410506323473
2.7638257599355525,0.7820895522388058,-0.7365097588978182,0.25413810242912205
2.795939868358039,0.7820895522388058,-0.7365097588978182,0.25195453897334874
2.82842712474619,0.7820895522388058,-0.7365097588978182,0.2497834537705518
2.8612918648705166,0.7820895522388058,-0.7365097588978182,0.24762488379430567
2.8945384748807554,0.7820895522388058,-0.7365097588978182,0.2454788639325763
2.92817139189125,0.7820895522388058,-0.7365097588978182,0.2433454270037099
2.962195104573129,0.7820895522388058,-0.7365097588978182,0.2412246037729397
2.9966141537533635,0.7820895522388058,-0.7365097588978182,0.23911642296939456
3.0314331330207964,0.7820895522388058,-0.7365097588978182,0.2370209113035911
3.0666566893392013,0.7820895522388058,-0.7365097588978182,0.23493809348539496
3.102289523667469,0.7820895522388058,-0.7365097588978182,0.2328679922424334
3.1383363915870026,0.7820895522388058,-0.7365097588978182,0.2308106283389419
3.1748021039363983,0.7820895522388058,-0.7365097588978182,0.22876602059502968
3.211691527453505,0.7820895522388058,-0.7365097588978182,0.22673418590634656
3.249009585424943,0.7820895522388058,-0.7365097588978182,0.22471513926413456
3.2867612583431614,0.7820895522388058,-0.7365097588978182,0.22270889377564904
3.324951584571151,0.7820895522388058,-0.7365097588978182,0.22071546068493078
3.363585661014858,0.7820895522388058,-0.7365097588978182,0.21873484939391535
3.4026686438034224,0.7820895522388058,-0.7365097588978182,0.21676706748386176
3.4422057489773197,0.7820895522388058,-0.7365097588978182,0.21481212073708486
3.4822022531844956,0.7820895522388058,-0.7365097588978182,0.212870013158976
3.5226634943845947,0.7820895522388058,-0.7365097588978182,0.2109407470002954
3.5635948725613575,0.7820895522388058,-0.7365097588978182,0.2090243227797218
3.605001850443321,0.7820895522388058,-0.7365097588978182,0.2071207393066419
3.646889954232867,0.7820895522388058,-0.7365097588978182,0.2052299937041668
3.6892647743437568,0.7820895522388058,-0.7365097588978182,0.20335208143235842
3.732131966147229,0.7820895522388058,-0.7365097588978182,0.20148699631165146
3.7754972507267732,0.7820895522388058,-0.7365097588978182,0.19963473054645667
3.819366415641665,0.7820895522388058,-0.7365097588978182,0.1977952747489303
3.863745315699383,0.7820895522388058,-0.7365097588978182,0.1959686179628953
3.9086398737369845,0.7820895522388058,-0.7365097588978182,0.19415474768790084
3.9540560814115846,0.7820895522388058,-0.7365097588978182,0.19235364990340525
4.0,0.7820895522388058,-0.7365097588978182,0.19056530909306948
