outcome,D_A,D_I,lambda,w_star,interpretation
originality,0.782090,-0.736510,0.250000,0.790219266,aggregate tie boundary on declared relative scale
originality,0.782090,-0.736510,0.300000,0.758399735,aggregate tie boundary on declared relative scale
originality,0.782090,-0.736510,0.350000,0.729043549,aggregate tie boundary on declared relative scale
originality,0.782090,-0.736510,0.400000,0.701875315,aggregate tie boundary on declared relative scale
originality,0.782090,-0.736510,0.450000,0.676659213,aggregate tie boundary on declared relative scale
originality,0.782090,-0.736510,0.500000,0.653192139,aggregate tie boundary on declared relative scale
originality,0.782090,-0.736510,0.550000,0.631298221,aggregate tie boundary on declared relative scale
originality,0.782090,-0.736510,0.600000,0.610824399,aggregate tie boundary on declared relative scale
originality,0.782090,-0.736510,0.650000,0.591636847,aggregate tie boundary on declared relative scale
originality,0.782090,-0.736510,0.700000,0.573618041,aggregate tie boundary on declared relative scale
originality,0.782090,-0.736510,0.750000,0.556664353,aggregate tie boundary on declared relative scale
originality,0.782090,-0.736510,0.800000,0.540684052,aggregate tie boundary on declared relative scale
originality,0.782090,-0.736510,0.850000,0.525595648,aggregate tie boundary on declared relative scale
originality,0.782090,-0.736510,0.900000,0.511326500,aggregate tie boundary on declared relative scale
originality,0.782090,-0.736510,0.950000,0.497811646,aggregate tie boundary on declared relative scale
originality,0.782090,-0.736510,1.000000,0.484992818,aggregate tie boundary on declared relative scale
originality,0.782090,-0.736510,1.050000,0.472817595,aggregate tie boundary on declared relative scale
originality,0.782090,-0.736510,1.100000,0.461238694,aggregate tie boundary on declared relative scale
originality,0.782090,-0.736510,1.150000,0.450213351,aggregate tie boundary on declared relative scale
originality,0.782090,-0.736510,1.200000,0.439702798,aggregate tie boundary on declared relative scale
originality,0.782090,-0.736510,1.250000,0.429671802,aggregate tie boundary on declared relative scale
originality,0.782090,-0.736510,1.300000,0.420088274,aggregate tie boundary on declared relative scale
originality,0.782090,-0.736510,1.350000,0.410922927,aggregate tie boundary on declared relative scale
originality,0.782090,-0.736510,1.400000,0.402148974,aggregate tie boundary on declared relative scale
originality,0.782090,-0.736510,1.450000,0.393741867,aggregate tie boundary on declared relative scale
originality,0.782090,-0.736510,1.500000,0.385679072,aggregate tie boundary on declared relative scale
originality,0.782090,-0.736510,1.550000,0.377939860,aggregate tie boundary on declared relative scale
originality,0.782090,-0.736510,1.600000,0.370505135,aggregate tie boundary on declared relative scale
originality,0.782090,-0.736510,1.650000,0.363357274,aggregate tie boundary on declared relative scale
originality,0.782090,-0.736510,1.700000,0.356479989,aggregate tie boundary on declared relative scale
originality,0.782090,-0.736510,1.750000,0.349858202,aggregate tie boundary on declared relative scale
originality,0.782090,-0.736510,1.800000,0.343477935,aggregate tie boundary on declared relative scale
originality,0.782090,-0.736510,1.850000,0.337326210,aggregate tie boundary on declared relative scale
originality,0.782090,-0.736510,1.900000,0.331390964,aggregate tie boundary on declared relative scale
originality,0.782090,-0.736510,1.950000,0.325660967,aggregate tie boundary on declared relative scale
originality,0.782090,-0.736510,2.000000,0.320125755,aggregate tie boundary on declared relative scale
originality,0.782090,-0.736510,2.050000,0.314775560,aggregate tie boundary on declared relative scale
originality,0.782090,-0.736510,2.100000,0.309601259,aggregate tie boundary on declared relative scale
originality,0.782090,-0.736510,2.150000,0.304594317,aggregate tie boundary on declared relative scale
originality,0.782090,-0.736510,2.200000,0.299746746,aggregate tie boundary on declared relative scale
originality,0.782090,-0.736510,2.250000,0.295051053,aggregate tie boundary on declared relative scale
originality,0.782090,-0.736510,2.300000,0.290500213,aggregate tie boundary on declared relative scale
originality,0.782090,-0.736510,2.350000,0.286087624,aggregate tie boundary on declared relative scale
originality,0.782090,-0.736510,2.400000,0.281807080,aggregate tie boundary on declared relative scale
originality,0.782090,-0.736510,2.450000,0.277652741,aggregate tie boundary on declared relative scale
originality,0.782090,-0.736510,2.500000,0.273619109,aggregate tie boundary on declared relative scale
originality,0.782090,-0.736510,2.550000,0.269700996,aggregate tie boundary on declared relative scale
originality,0.782090,-0.736510,2.600000,0.265893510,aggregate tie boundary on declared relative scale
originality,0.782090,-0.736510,2.650000,0.262192032,aggregate tie boundary on declared relative scale
originality,0.782090,-0.736510,2.700000,0.258592194,aggregate tie boundary on declared relative scale
originality,0.782090,-0.736510,2.750000,0.255089868,aggregate tie boundary on declared relative scale
originality,0.782090,-0.736510,2.800000,0.251681144,aggregate tie boundary on declared relative scale
originality,0.782090,-0.736510,2.850000,0.248362319,aggregate tie boundary on declared relative scale
originality,0.782090,-0.736510,2.900000,0.245129883,aggregate tie boundary on declared relative scale
originality,0.782090,-0.736510,2.950000,0.241980506,aggregate tie boundary on declared relative scale
originality,0.782090,-0.736510,3.000000,0.238911028,aggregate tie boundary on declared relative scale
originality,0.782090,-0.736510,3.050000,0.235918445,aggregate tie boundary on declared relative scale
originality,0.782090,-0.736510,3.100000,0.232999906,aggregate tie boundary on declared relative scale
originality,0.782090,-0.736510,3.150000,0.230152694,aggregate tie boundary on declared relative scale
originality,0.782090,-0.736510,3.200000,0.227374226,aggregate tie boundary on declared relative scale
originality,0.782090,-0.736510,3.250000,0.224662044,aggregate tie boundary on declared relative scale
originality,0.782090,-0.736510,3.300000,0.222013802,aggregate tie boundary on declared relative scale
originality,0.782090,-0.736510,3.350000,0.219427266,aggregate tie boundary on declared relative scale
originality,0.782090,-0.736510,3.400000,0.216900304,aggregate tie boundary on declared relative scale
originality,0.782090,-0.736510,3.450000,0.214430881,aggregate tie boundary on declared relative scale
originality,0.782090,-0.736510,3.500000,0.212017054,aggregate tie boundary on declared relative scale
originality,0.782090,-0.736510,3.550000,0.209656967,aggregate tie boundary on declared relative scale
originality,0.782090,-0.736510,3.600000,0.207348844,aggregate tie boundary on declared relative scale
originality,0.782090,-0.736510,3.650000,0.205090988,aggregate tie boundary on declared relative scale
originality,0.782090,-0.736510,3.700000,0.202881775,aggregate tie boundary on declared relative scale
originality,0.782090,-0.736510,3.750000,0.200719650,aggregate tie boundary on declared relative scale
originality,0.782090,-0.736510,3.800000,0.198603122,aggregate tie boundary on declared relative scale
originality,0.782090,-0.736510,3.850000,0.196530765,aggregate tie boundary on declared relative scale
originality,0.782090,-0.736510,3.900000,0.194501210,aggregate tie boundary on declared relative scale
originality,0.782090,-0.736510,3.950000,0.192513144,aggregate tie boundary on declared relative scale
originality,0.782090,-0.736510,4.000000,0.190565309,aggregate tie boundary on declared relative scale
usefulness,0.660276,-0.578645,0.250000,0.778047933,aggregate tie boundary on declared relative scale
usefulness,0.660276,-0.578645,0.300000,0.744978050,aggregate tie boundary on declared relative scale
usefulness,0.660276,-0.578645,0.350000,0.714604734,aggregate tie boundary on declared relative scale
usefulness,0.660276,-0.578645,0.400000,0.686611084,aggregate tie boundary on declared relative scale
usefulness,0.660276,-0.578645,0.450000,0.660727981,aggregate tie boundary on declared relative scale
usefulness,0.660276,-0.578645,0.500000,0.636725412,aggregate tie boundary on declared relative scale
usefulness,0.660276,-0.578645,0.550000,0.614405617,aggregate tie boundary on declared relative scale
usefulness,0.660276,-0.578645,0.600000,0.593597626,aggregate tie boundary on declared relative scale
usefulness,0.660276,-0.578645,0.650000,0.574152868,aggregate tie boundary on declared relative scale
usefulness,0.660276,-0.578645,0.700000,0.555941626,aggregate tie boundary on declared relative scale
usefulness,0.660276,-0.578645,0.750000,0.538850132,aggregate tie boundary on declared relative scale
usefulness,0.660276,-0.578645,0.800000,0.522778193,aggregate tie boundary on declared relative scale
usefulness,0.660276,-0.578645,0.850000,0.507637221,aggregate tie boundary on declared relative scale
usefulness,0.660276,-0.578645,0.900000,0.493348604,aggregate tie boundary on declared relative scale
usefulness,0.660276,-0.578645,0.950000,0.479842338,aggregate tie boundary on declared relative scale
usefulness,0.660276,-0.578645,1.000000,0.467055880,aggregate tie boundary on declared relative scale
usefulness,0.660276,-0.578645,1.050000,0.454933182,aggregate tie boundary on declared relative scale
usefulness,0.660276,-0.578645,1.100000,0.443423866,aggregate tie boundary on declared relative scale
usefulness,0.660276,-0.578645,1.150000,0.432482527,aggregate tie boundary on declared relative scale
usefulness,0.660276,-0.578645,1.200000,0.422068134,aggregate tie boundary on declared relative scale
usefulness,0.660276,-0.578645,1.250000,0.412143514,aggregate tie boundary on declared relative scale
usefulness,0.660276,-0.578645,1.300000,0.402674912,aggregate tie boundary on declared relative scale
usefulness,0.660276,-0.578645,1.350000,0.393631603,aggregate tie boundary on declared relative scale
usefulness,0.660276,-0.578645,1.400000,0.384985563,aggregate tie boundary on declared relative scale
usefulness,0.660276,-0.578645,1.450000,0.376711177,aggregate tie boundary on declared relative scale
usefulness,0.660276,-0.578645,1.500000,0.368784985,aggregate tie boundary on declared relative scale
usefulness,0.660276,-0.578645,1.550000,0.361185462,aggregate tie boundary on declared relative scale
usefulness,0.660276,-0.578645,1.600000,0.353892821,aggregate tie boundary on declared relative scale
usefulness,0.660276,-0.578645,1.650000,0.346888841,aggregate tie boundary on declared relative scale
usefulness,0.660276,-0.578645,1.700000,0.340156715,aggregate tie boundary on declared relative scale
usefulness,0.660276,-0.578645,1.750000,0.333680918,aggregate tie boundary on declared relative scale
usefulness,0.660276,-0.578645,1.800000,0.327447082,aggregate tie boundary on declared relative scale
usefulness,0.660276,-0.578645,1.850000,0.321441897,aggregate tie boundary on declared relative scale
usefulness,0.660276,-0.578645,1.900000,0.315653007,aggregate tie boundary on declared relative scale
usefulness,0.660276,-0.578645,1.950000,0.310068935,aggregate tie boundary on declared relative scale
usefulness,0.660276,-0.578645,2.000000,0.304678999,aggregate tie boundary on declared relative scale
usefulness,0.660276,-0.578645,2.050000,0.299473248,aggregate tie boundary on declared relative scale
usefulness,0.660276,-0.578645,2.100000,0.294442400,aggregate tie boundary on declared relative scale
usefulness,0.660276,-0.578645,2.150000,0.289577785,aggregate tie boundary on declared relative scale
usefulness,0.660276,-0.578645,2.200000,0.284871299,aggregate tie boundary on declared relative scale
usefulness,0.660276,-0.578645,2.250000,0.280315355,aggregate tie boundary on declared relative scale
usefulness,0.660276,-0.578645,2.300000,0.275902843,aggregate tie boundary on declared relative scale
usefulness,0.660276,-0.578645,2.350000,0.271627095,aggregate tie boundary on declared relative scale
usefulness,0.660276,-0.578645,2.400000,0.267481849,aggregate tie boundary on declared relative scale
usefulness,0.660276,-0.578645,2.450000,0.263461222,aggregate tie boundary on declared relative scale
usefulness,0.660276,-0.578645,2.500000,0.259559676,aggregate tie boundary on declared relative scale
usefulness,0.660276,-0.578645,2.550000,0.255771998,aggregate tie boundary on declared relative scale
usefulness,0.660276,-0.578645,2.600000,0.252093275,aggregate tie boundary on declared relative scale
usefulness,0.660276,-0.578645,2.650000,0.248518872,aggregate tie boundary on declared relative scale
usefulness,0.660276,-0.578645,2.700000,0.245044414,aggregate tie boundary on declared relative scale
usefulness,0.660276,-0.578645,2.750000,0.241665768,aggregate tie boundary on declared relative scale
usefulness,0.660276,-0.578645,2.800000,0.238379023,aggregate tie boundary on declared relative scale
usefulness,0.660276,-0.578645,2.850000,0.235180480,aggregate tie boundary on declared relative scale
usefulness,0.660276,-0.578645,2.900000,0.232066636,aggregate tie boundary on declared relative scale
usefulness,0.660276,-0.578645,2.950000,0.229034171,aggregate tie boundary on declared relative scale
usefulness,0.660276,-0.578645,3.000000,0.226079935,aggregate tie boundary on declared relative scale
usefulness,0.660276,-0.578645,3.050000,0.223200941,aggregate tie boundary on declared relative scale
usefulness,0.660276,-0.578645,3.100000,0.220394348,aggregate tie boundary on declared relative scale
usefulness,0.660276,-0.578645,3.150000,0.217657462,aggregate tie boundary on declared relative scale
usefulness,0.660276,-0.578645,3.200000,0.214987715,aggregate tie boundary on declared relative scale
usefulness,0.660276,-0.578645,3.250000,0.212382668,aggregate tie boundary on declared relative scale
usefulness,0.660276,-0.578645,3.300000,0.209839997,aggregate tie boundary on declared relative scale
usefulness,0.660276,-0.578645,3.350000,0.207357488,aggregate tie boundary on declared relative scale
usefulness,0.660276,-0.578645,3.400000,0.204933031,aggregate tie boundary on declared relative scale
usefulness,0.660276,-0.578645,3.450000,0.202564613,aggregate tie boundary on declared relative scale
usefulness,0.660276,-0.578645,3.500000,0.200250313,aggregate tie boundary on declared relative scale
usefulness,0.660276,-0.578645,3.550000,0.197988297,aggregate tie boundary on declared relative scale
usefulness,0.660276,-0.578645,3.600000,0.195776814,aggregate tie boundary on declared relative scale
usefulness,0.660276,-0.578645,3.650000,0.193614189,aggregate tie boundary on declared relative scale
usefulness,0.660276,-0.578645,3.700000,0.191498820,aggregate tie boundary on declared relative scale
usefulness,0.660276,-0.578645,3.750000,0.189429175,aggregate tie boundary on declared relative scale
usefulness,0.660276,-0.578645,3.800000,0.187403788,aggregate tie boundary on declared relative scale
usefulness,0.660276,-0.578645,3.850000,0.185421254,aggregate tie boundary on declared relative scale
usefulness,0.660276,-0.578645,3.900000,0.183480227,aggregate tie boundary on declared relative scale
usefulness,0.660276,-0.578645,3.950000,0.181579417,aggregate tie boundary on declared relative scale
usefulness,0.660276,-0.578645,4.000000,0.179717587,aggregate tie boundary on declared relative scale
